"No.","Time","Source","Destination","Protocol","Length","Info"
"1","0.000000","0x0103","0x0203","IEEE 802.15.4","53","Data, Dst: 0x0203, Src: 0x0103"
"2","0.000503","","","IEEE 802.15.4","5","Ack"
"3","0.096725","0x0103","0x0203","IEEE 802.15.4","48","Data, Dst: 0x0203, Src: 0x0103"
"4","0.097264","","","IEEE 802.15.4","5","Ack"
"5","0.135389","0x0103","0x0203","IEEE 802.15.4","106","Data, Dst: 0x0203, Src: 0x0103"
"6","0.135911","","","IEEE 802.15.4","5","Ack"
"7","0.258639","0x0103","0x0203","IEEE 802.15.4","77","Data, Dst: 0x0203, Src: 0x0103"
"8","0.259149","","","IEEE 802.15.4","5","Ack"
"9","0.276947","0x0103","0x0203","IEEE 802.15.4","106","Data, Dst: 0x0203, Src: 0x0103"
"10","0.277491","","","IEEE 802.15.4","5","Ack"
"11","0.319436","0x0103","0x0203","IEEE 802.15.4","34","Data, Dst: 0x0203, Src: 0x0103"
"12","0.319950","","","IEEE 802.15.4","5","Ack"
"13","0.375874","0x0103","0x0203","IEEE 802.15.4","53","Data, Dst: 0x0203, Src: 0x0103"
"14","0.376423","","","IEEE 802.15.4","5","Ack"
"15","0.500405","0x0103","0x0203","IEEE 802.15.4","53","Data, Dst: 0x0203, Src: 0x0103"
"16","0.500900","","","IEEE 802.15.4","5","Ack"
"17","0.625839","0x0103","0x0203","IEEE 802.15.4","53","Data, Dst: 0x0203, Src: 0x0103"
"18","0.626299","","","IEEE 802.15.4","5","Ack"
"19","0.759569","0x0103","0x0203","IEEE 802.15.4","93","Data, Dst: 0x0203, Src: 0x0103"
"20","0.760080","","","IEEE 802.15.4","5","Ack"
"21","0.764271","0x0103","0x0203","IEEE 802.15.4","93","Data, Dst: 0x0203, Src: 0x0103"
"22","0.764794","","","IEEE 802.15.4","5","Ack"
"23","0.769518","","","IEEE 802.15.4","5","Ack"
"24","0.822007","0x0000","0x09fd","ZigBee","34","Unknown Command"
"25","0.822553","","","IEEE 802.15.4","5","Ack"
"26","0.875919","0x0103","0x0203","IEEE 802.15.4","53","Data, Dst: 0x0203, Src: 0x0103"
"27","0.876443","","","IEEE 802.15.4","5","Ack"
"28","1.000790","0x0103","0x0203","IEEE 802.15.4","53","Data, Dst: 0x0203, Src: 0x0103"
"29","1.001293","","","IEEE 802.15.4","5","Ack"
"30","1.126056","0x0103","0x0203","IEEE 802.15.4","53","Data, Dst: 0x0203, Src: 0x0103"
"31","1.126524","","","IEEE 802.15.4","5","Ack"
"32","1.255613","0x0103","0x0203","IEEE 802.15.4","77","Data, Dst: 0x0203, Src: 0x0103"
"33","1.256116","","","IEEE 802.15.4","5","Ack"
"34","1.274129","0x0103","0x0203","IEEE 802.15.4","106","Data, Dst: 0x0203, Src: 0x0103"
"35","1.274632","","","IEEE 802.15.4","5","Ack"
"36","1.318952","0x0000","0x09fd","ZigBee","34","Unknown Command"
"37","1.319468","","","IEEE 802.15.4","5","Ack"
"38","1.375741","0x0000","0x1cfd","ZigBee","53","Route Request, Dst: 0x3300, Src: 0x0000"
"39","1.376276","","","IEEE 802.15.4","5","Ack"
"40","1.500443","0x0103","0x0203","IEEE 802.15.4","53","Data, Dst: 0x0203, Src: 0x0103"
"41","1.500995","","","IEEE 802.15.4","5","Ack"
"42","1.625704","0x0103","0x0203","IEEE 802.15.4","53","Data, Dst: 0x0203, Src: 0x0103"
"43","1.626204","","","IEEE 802.15.4","5","Ack"
"44","1.758912","0x0000","0x1cfd","ZigBee","93","Unknown Command"
"45","1.759427","","","IEEE 802.15.4","5","Ack"
"46","1.767082","0x0000","0x22fd","ZigBee","59","Many-to-One Route Request, Dst: 0x0600, Src: 0x0000"
"47","1.767590","","","IEEE 802.15.4","5","Ack"
"48","1.824500","0x0203","0x0103","IEEE 802.15.4","34","Data, Dst: 0x0103, Src: 0x0203"
"49","1.824812","","","IEEE 802.15.4","5","Ack"
"50","1.875799","0x0103","0x0203","IEEE 802.15.4","53","Data, Dst: 0x0203, Src: 0x0103"
"51","1.876309","","","IEEE 802.15.4","5","Ack"
"52","2.000481","0x0103","0x0203","IEEE 802.15.4","53","Data, Dst: 0x0203, Src: 0x0103"
"53","2.000993","","","IEEE 802.15.4","5","Ack"
"54","2.126086","0x0103","0x0203","IEEE 802.15.4","53","Data, Dst: 0x0203, Src: 0x0103"
"55","2.126615","","","IEEE 802.15.4","5","Ack"
"56","2.262383","0x0103","0x0203","IEEE 802.15.4","113","Data, Dst: 0x0203, Src: 0x0103"
"57","2.262896","","","IEEE 802.15.4","5","Ack"
"58","2.271612","0x0103","0x0203","IEEE 802.15.4","70","Data, Dst: 0x0203, Src: 0x0103"
"59","2.272155","","","IEEE 802.15.4","5","Ack"
"60","2.318833","0x0103","0x0203","IEEE 802.15.4","34","Data, Dst: 0x0203, Src: 0x0103"
"61","2.319344","","","IEEE 802.15.4","5","Ack"
"62","2.375455","0x0103","0x0203","IEEE 802.15.4","53","Data, Dst: 0x0203, Src: 0x0103"
"63","2.375978","","","IEEE 802.15.4","5","Ack"
"64","2.500335","0x0103","0x0203","IEEE 802.15.4","53","Data, Dst: 0x0203, Src: 0x0103"
"65","2.500855","","","IEEE 802.15.4","5","Ack"
"66","2.625606","0x0103","0x0203","IEEE 802.15.4","53","Data, Dst: 0x0203, Src: 0x0103"
"67","2.626111","","","IEEE 802.15.4","5","Ack"
"68","2.758785","0x0103","0x0203","IEEE 802.15.4","93","Data, Dst: 0x0203, Src: 0x0103"
"69","2.759348","","","IEEE 802.15.4","5","Ack"
"70","2.822138","0x0203","0x0103","IEEE 802.15.4","34","Data, Dst: 0x0103, Src: 0x0203"
"71","2.822694","","","IEEE 802.15.4","5","Ack"
"72","2.875670","0x0103","0x0203","IEEE 802.15.4","53","Data, Dst: 0x0203, Src: 0x0103"
"73","2.876183","","","IEEE 802.15.4","5","Ack"
"74","3.000184","0x0103","0x0203","IEEE 802.15.4","53","Data, Dst: 0x0203, Src: 0x0103"
"75","3.000695","","","IEEE 802.15.4","5","Ack"
"76","3.125618","0x0103","0x0203","IEEE 802.15.4","53","Data, Dst: 0x0203, Src: 0x0103"
"77","3.126121","","","IEEE 802.15.4","5","Ack"
"78","3.262815","0x0103","0x0203","IEEE 802.15.4","113","Data, Dst: 0x0203, Src: 0x0103"
"79","3.263326","","","IEEE 802.15.4","5","Ack"
"80","3.271676","0x0103","0x0203","IEEE 802.15.4","70","Data, Dst: 0x0203, Src: 0x0103"
"81","3.272221","","","IEEE 802.15.4","5","Ack"
"82","3.318894","0x0103","0x0203","IEEE 802.15.4","34","Data, Dst: 0x0203, Src: 0x0103"
"83","3.319419","","","IEEE 802.15.4","5","Ack"
"84","3.341600","0x0103","0x0203","IEEE 802.15.4","48","Data, Dst: 0x0203, Src: 0x0103"
"85","3.342118","","","IEEE 802.15.4","5","Ack"
"86","3.375340","0x0103","0x0203","IEEE 802.15.4","53","Data, Dst: 0x0203, Src: 0x0103"
"87","3.375867","","","IEEE 802.15.4","5","Ack"
"88","3.500219","0x0103","0x0203","IEEE 802.15.4","53","Data, Dst: 0x0203, Src: 0x0103"
"89","3.500726","","","IEEE 802.15.4","5","Ack"
"90","3.625528","0x0103","0x0203","IEEE 802.15.4","53","Data, Dst: 0x0203, Src: 0x0103"
"91","3.625968","","","IEEE 802.15.4","5","Ack"
"92","3.758670","0x0103","0x0203","IEEE 802.15.4","93","Data, Dst: 0x0203, Src: 0x0103"
"93","3.759195","","","IEEE 802.15.4","5","Ack"
"94","3.823979","0x0000","0x09fd","ZigBee","34","APS: Ack"
"95","3.824368","","","IEEE 802.15.4","5","Ack"
"96","3.875552","0x0103","0x0203","IEEE 802.15.4","53","Data, Dst: 0x0203, Src: 0x0103"
"97","3.876075","","","IEEE 802.15.4","5","Ack"
"98","4.000072","0x0103","0x0203","IPv6","53","Bogus IPv6 version (0, must be 6)"
"99","4.000581","","","IEEE 802.15.4","5","Ack"
"100","4.125571","0x0103","0x0203","6LoWPAN","53","Data, Dst: 0x0203, Src: 0x0103"
"101","4.126007","","","IEEE 802.15.4","5","Ack"
"102","4.255438","0x0103","0x0203","6LoWPAN","77","Data, Dst: 0x0203, Src: 0x0103"
"103","4.255950","","","IEEE 802.15.4","5","Ack"
"104","4.273958","0x0103","0x0203","6LoWPAN","106","Data, Dst: 0x0203, Src: 0x0103"
"105","4.274469","","","IEEE 802.15.4","5","Ack"
"106","4.318604","0x0103","0x0203","6LoWPAN","34","Data, Dst: 0x0203, Src: 0x0103"
"107","4.319115","","","IEEE 802.15.4","5","Ack"
"108","4.375414","0x0103","0x0203","6LoWPAN","53","Data, Dst: 0x0203, Src: 0x0103"
"109","4.375927","","","IEEE 802.15.4","5","Ack"
"110","4.500099","0x0103","0x0203","6LoWPAN","53","Data, Dst: 0x0203, Src: 0x0103"
"111","4.500612","","","IEEE 802.15.4","5","Ack"
"112","4.625516","0x0103","0x0203","6LoWPAN","53","Data, Dst: 0x0203, Src: 0x0103"
"113","4.626030","","","IEEE 802.15.4","5","Ack"
"114","4.755474","0x0103","0x0203","6LoWPAN","77","Data, Dst: 0x0203, Src: 0x0103"
"115","4.755988","","","IEEE 802.15.4","5","Ack"
"116","4.759433","0x0103","0x0203","6LoWPAN","29","Data, Dst: 0x0203, Src: 0x0103[Malformed Packet]"
"117","4.759973","","","IEEE 802.15.4","5","Ack"
"118","4.822798","0x0000","0x09fd","ZigBee","34","Unknown Command"
"119","4.823165","","","IEEE 802.15.4","5","Ack"
"120","4.875254","0x0103","0x0203","6LoWPAN","53","Data, Dst: 0x0203, Src: 0x0103"
"121","4.875773","","","IEEE 802.15.4","5","Ack"
"122","4.999953","0x0103","0x0203","6LoWPAN","53","Data, Dst: 0x0203, Src: 0x0103"
"123","5.000463","","","IEEE 802.15.4","5","Ack"
"124","5.125362","0x0103","0x0203","IEEE 802.15.4","53","Data, Dst: 0x0203, Src: 0x0103"
"125","5.125890","","","IEEE 802.15.4","5","Ack"
"126","5.262404","0x0103","0x0203","IEEE 802.15.4","113","Data, Dst: 0x0203, Src: 0x0103"
"127","5.262929","","","IEEE 802.15.4","5","Ack"
"128","5.271086","0x0103","0x0203","IEEE 802.15.4","70","Data, Dst: 0x0203, Src: 0x0103"
"129","5.271624","","","IEEE 802.15.4","5","Ack"
"130","5.318664","0x0103","0x0203","IEEE 802.15.4","34","Data, Dst: 0x0203, Src: 0x0103"
"131","5.319178","","","IEEE 802.15.4","5","Ack"
"132","5.375470","0x0103","0x0203","IEEE 802.15.4","53","Data, Dst: 0x0203, Src: 0x0103"
"133","5.375988","","","IEEE 802.15.4","5","Ack"
"134","5.500174","0x0103","0x0203","IEEE 802.15.4","53","Data, Dst: 0x0203, Src: 0x0103"
"135","5.500687","","","IEEE 802.15.4","5","Ack"
"136","5.629933","0x0103","0x0203","IEEE 802.15.4","53","Data, Dst: 0x0203, Src: 0x0103"
"137","5.630445","","","IEEE 802.15.4","5","Ack"
"138","5.758984","0x0103","0x0203","IEEE 802.15.4","93","Data, Dst: 0x0203, Src: 0x0103"
"139","5.759499","","","IEEE 802.15.4","5","Ack"
"140","5.821996","0x0203","0x0103","IEEE 802.15.4","34","Data, Dst: 0x0103, Src: 0x0203"
"141","5.822512","","","IEEE 802.15.4","5","Ack"
"142","5.875353","0x0103","0x0203","IEEE 802.15.4","53","Data, Dst: 0x0203, Src: 0x0103"
"143","5.875841","","","IEEE 802.15.4","5","Ack"
"144","5.999857","0x0103","0x0203","IEEE 802.15.4","53","Data, Dst: 0x0203, Src: 0x0103"
"145","6.000343","","","IEEE 802.15.4","5","Ack"
"146","6.125253","0x0103","0x0203","IEEE 802.15.4","53","Data, Dst: 0x0203, Src: 0x0103"
"147","6.125774","","","IEEE 802.15.4","5","Ack"
"148","6.260466","0x0103","0x0203","IEEE 802.15.4","77","Data, Dst: 0x0203, Src: 0x0103"
"149","6.260980","","","IEEE 802.15.4","5","Ack"
"150","6.278783","0x0103","0x0203","IEEE 802.15.4","106","Data, Dst: 0x0203, Src: 0x0103"
"151","6.279315","","","IEEE 802.15.4","5","Ack"
"152","6.318370","0x0103","0x0203","IEEE 802.15.4","34","Data, Dst: 0x0203, Src: 0x0103"
"153","6.318880","","","IEEE 802.15.4","5","Ack"
"154","6.375352","0x0103","0x0203","IEEE 802.15.4","53","Data, Dst: 0x0203, Src: 0x0103"
"155","6.375889","","","IEEE 802.15.4","5","Ack"
"156","6.499871","0x0103","0x0203","IEEE 802.15.4","53","Data, Dst: 0x0203, Src: 0x0103"
"157","6.500375","","","IEEE 802.15.4","5","Ack"
"158","6.625465","0x0103","0x0203","IEEE 802.15.4","53","Data, Dst: 0x0203, Src: 0x0103"
"159","6.626009","","","IEEE 802.15.4","5","Ack"
"160","6.761403","0x0103","0x0203","IEEE 802.15.4","93","Data, Dst: 0x0203, Src: 0x0103"
"161","6.761919","","","IEEE 802.15.4","5","Ack"
"162","6.822761","0x0203","0x0103","IEEE 802.15.4","34","Data, Dst: 0x0103, Src: 0x0203"
"163","6.823114","","","IEEE 802.15.4","5","Ack"
"164","6.875212","0x0103","0x0203","IEEE 802.15.4","53","Data, Dst: 0x0203, Src: 0x0103"
"165","6.875747","","","IEEE 802.15.4","5","Ack"
"166","7.000085","0x0103","0x0203","IEEE 802.15.4","53","Data, Dst: 0x0203, Src: 0x0103"
"167","7.000597","","","IEEE 802.15.4","5","Ack"
"168","7.125154","0x0103","0x0203","LwMesh","53","Lightweight Mesh, Nwk_Dst: 0x0000, Nwk_Src: 0x1cfd"
"169","7.125673","","","IEEE 802.15.4","5","Ack"
"170","7.255467","0x0103","0x0203","LwMesh","77","Encrypted data (55 byte(s)) NO DECRYPT KEY"
"171","7.255975","","","IEEE 802.15.4","5","Ack"
"172","7.273613","0x0103","0x0203","LwMesh","106","Encrypted data (84 byte(s)) NO DECRYPT KEY"
"173","7.274156","","","IEEE 802.15.4","5","Ack"
"174","7.318969","0x0000","0x09fd","ZigBee","34","Unknown Command"
"175","7.319341","","","IEEE 802.15.4","5","Ack"
"176","7.375252","0x0000","0x1cfd","ZigBee","53","Route Request, Dst: 0xa300, Src: 0x0000"
"177","7.375758","","","IEEE 802.15.4","5","Ack"
"178","7.378684","0x0000","0x1cfd","ZigBee","53","Route Request, Dst: 0xa300, Src: 0x0000"
"179","7.379210","","","IEEE 802.15.4","5","Ack"
"180","7.499797","0x0103","0x0203","LwMesh","53","Encrypted data (31 byte(s)) NO DECRYPT KEY"
"181","7.500261","","","IEEE 802.15.4","5","Ack"
"182","7.536408","0x0103","0x0203","LwMesh","38","Encrypted data (16 byte(s)) NO DECRYPT KEY"
"183","7.536922","","","IEEE 802.15.4","5","Ack"
"184","7.625002","0x0000","0x1cfd","ZigBee","53","Unknown Command"
"185","7.625512","","","IEEE 802.15.4","5","Ack"
"186","7.749680","0x0000","0x1cfd","ZigBee","53","Many-to-One Route Request, Dst: 0x1900, Src: 0x0000"
"187","7.750183","","","IEEE 802.15.4","5","Ack"
"188","7.757119","0x0103","0x0203","LwMesh","53","Encrypted data (29 byte(s)) NO DECRYPT KEY"
"189","7.757629","","","IEEE 802.15.4","5","Ack"
"190","7.823614","0x0203","0x0103","IEEE 802.15.4","34","Data, Dst: 0x0103, Src: 0x0203"
"191","7.824082","","","IEEE 802.15.4","5","Ack"
"192","7.875116","0x0103","0x0203","LwMesh","53","Encrypted data (29 byte(s)) NO DECRYPT KEY"
"193","7.875611","","","IEEE 802.15.4","5","Ack"
"194","7.999644","0x0103","0x0203","LwMesh","53","Lightweight Mesh, Nwk_Dst: 0x0000, Nwk_Src: 0x1cfd"
"195","8.000162","","","IEEE 802.15.4","5","Ack"
"196","8.125019","0x0103","0x0203","LwMesh","53","Lightweight Mesh, Nwk_Dst: 0x0000, Nwk_Src: 0x1cfd"
"197","8.125531","","","IEEE 802.15.4","5","Ack"
"198","8.254965","0x0103","0x0203","IEEE 802.15.4","77","Data, Dst: 0x0203, Src: 0x0103"
"199","8.255492","","","IEEE 802.15.4","5","Ack"
"200","8.273494","0x0103","0x0203","LwMesh","106","Encrypted data (82 byte(s)) NO DECRYPT KEY"
"201","8.274050","","","IEEE 802.15.4","5","Ack"
"202","8.318548","0x0103","0x0203","IEEE 802.15.4","34","Data, Dst: 0x0203, Src: 0x0103"
"203","8.319008","","","IEEE 802.15.4","5","Ack"
"204","8.375128","0x0103","0x0203","IEEE 802.15.4","53","Data, Dst: 0x0203, Src: 0x0103"
"205","8.375682","","","IEEE 802.15.4","5","Ack"
"206","8.404897","0x0103","0x0203","IEEE 802.15.4","48","Data, Dst: 0x0203, Src: 0x0103"
"207","8.405433","","","IEEE 802.15.4","5","Ack"
"208","8.424542","0x0103","0x0203","IEEE 802.15.4","66","Data, Dst: 0x0203, Src: 0x0103"
"209","8.424819","","","IEEE 802.15.4","5","Ack"
"210","8.500920","0x0103","0x0203","IEEE 802.15.4","53","Data, Dst: 0x0203, Src: 0x0103"
"211","8.501413","","","IEEE 802.15.4","5","Ack"
"212","8.625941","0x0103","0x0203","IEEE 802.15.4","53","Data, Dst: 0x0203, Src: 0x0103"
"213","8.626348","","","IEEE 802.15.4","5","Ack"
"214","8.759182","0x0103","0x0203","IEEE 802.15.4","93","Data, Dst: 0x0203, Src: 0x0103"
"215","8.759702","","","IEEE 802.15.4","5","Ack"
"216","8.821065","0x0203","0x0103","IEEE 802.15.4","34","Data, Dst: 0x0103, Src: 0x0203"
"217","8.821590","","","IEEE 802.15.4","5","Ack"
"218","8.876059","0x0103","0x0203","IEEE 802.15.4","53","Data, Dst: 0x0203, Src: 0x0103"
"219","8.876582","","","IEEE 802.15.4","5","Ack"
"220","8.879300","0x0103","0x0203","IEEE 802.15.4","53","Data, Dst: 0x0203, Src: 0x0103"
"221","8.879862","","","IEEE 802.15.4","5","Ack"
"222","9.002941","0x0103","0x0203","IEEE 802.15.4","53","Data, Dst: 0x0203, Src: 0x0103"
"223","9.003445","","","IEEE 802.15.4","5","Ack"
"224","9.123098","0x0103","0x0203","IEEE 802.15.4","53","Data, Dst: 0x0203, Src: 0x0103"
"225","9.123608","","","IEEE 802.15.4","5","Ack"
"226","9.256269","0x0103","0x0203","IEEE 802.15.4","77","Data, Dst: 0x0203, Src: 0x0103"
"227","9.256651","","","IEEE 802.15.4","5","Ack"
"228","9.273921","0x0103","0x0203","IEEE 802.15.4","106","Data, Dst: 0x0203, Src: 0x0103"
"229","9.274441","","","IEEE 802.15.4","5","Ack"
"230","9.318918","0x0103","0x0203","IEEE 802.15.4","34","Data, Dst: 0x0203, Src: 0x0103"
"231","9.319435","","","IEEE 802.15.4","5","Ack"
"232","9.375725","0x0103","0x0203","IEEE 802.15.4","53","Data, Dst: 0x0203, Src: 0x0103"
"233","9.376247","","","IEEE 802.15.4","5","Ack"
"234","9.501323","0x0103","0x0203","IEEE 802.15.4","53","Data, Dst: 0x0203, Src: 0x0103"
"235","9.501845","","","IEEE 802.15.4","5","Ack"
"236","9.625502","0x0103","0x0203","IEEE 802.15.4","53","Data, Dst: 0x0203, Src: 0x0103"
"237","9.626015","","","IEEE 802.15.4","5","Ack"
"238","9.761612","0x0103","0x0203","IEEE 802.15.4","93","Data, Dst: 0x0203, Src: 0x0103"
"239","9.761942","","","IEEE 802.15.4","5","Ack"
"240","9.822410","0x0203","0x0103","IEEE 802.15.4","34","Data, Dst: 0x0103, Src: 0x0203"
"241","9.822931","","","IEEE 802.15.4","5","Ack"
"242","9.875775","0x0103","0x0203","IEEE 802.15.4","53","Data, Dst: 0x0203, Src: 0x0103"
"243","9.876287","","","IEEE 802.15.4","5","Ack"
"244","10.002821","0x0103","0x0203","IEEE 802.15.4","53","Data, Dst: 0x0203, Src: 0x0103"
"245","10.003336","","","IEEE 802.15.4","5","Ack"
"246","10.079051","0x0103","0x0203","IEEE 802.15.4","59","Data, Dst: 0x0203, Src: 0x0103"
"247","10.079558","","","IEEE 802.15.4","5","Ack"
"248","10.125555","0x0103","0x0203","IEEE 802.15.4","53","Data, Dst: 0x0203, Src: 0x0103"
"249","10.126032","","","IEEE 802.15.4","5","Ack"
"250","10.253297","0x0103","0x0203","IEEE 802.15.4","77","Data, Dst: 0x0203, Src: 0x0103"
"251","10.253802","","","IEEE 802.15.4","5","Ack"
"252","10.265639","0x0103","0x0203","IEEE 802.15.4","77","Data, Dst: 0x0203, Src: 0x0103"
"253","10.266151","","","IEEE 802.15.4","5","Ack"
"254","10.270138","0x0103","0x0203","IEEE 802.15.4","42","Data, Dst: 0x0203, Src: 0x0103"
"255","10.270677","","","IEEE 802.15.4","5","Ack"
"256","10.318627","0x0103","0x0203","IEEE 802.15.4","34","Data, Dst: 0x0203, Src: 0x0103"
"257","10.319144","","","IEEE 802.15.4","5","Ack"
"258","10.375795","0x0103","0x0203","IEEE 802.15.4","53","Data, Dst: 0x0203, Src: 0x0103"
"259","10.376310","","","IEEE 802.15.4","5","Ack"
"260","10.501216","0x0103","0x0203","IEEE 802.15.4","53","Data, Dst: 0x0203, Src: 0x0103"
"261","10.501735","","","IEEE 802.15.4","5","Ack"
"262","10.625359","0x0103","0x0203","IEEE 802.15.4","53","Data, Dst: 0x0203, Src: 0x0103"
"263","10.625900","","","IEEE 802.15.4","5","Ack"
"264","10.761301","0x0103","0x0203","IEEE 802.15.4","93","Data, Dst: 0x0203, Src: 0x0103"
"265","10.761816","","","IEEE 802.15.4","5","Ack"
"266","10.821033","0x0203","0x0103","IEEE 802.15.4","34","Data, Dst: 0x0103, Src: 0x0203"
"267","10.821582","","","IEEE 802.15.4","5","Ack"
"268","10.875293","0x0103","0x0203","IEEE 802.15.4","53","Data, Dst: 0x0203, Src: 0x0103"
"269","10.875802","","","IEEE 802.15.4","5","Ack"
"270","10.997803","0x0103","0x0203","IEEE 802.15.4","53","Data, Dst: 0x0203, Src: 0x0103"
"271","10.998310","","","IEEE 802.15.4","5","Ack"
"272","11.125750","0x0103","0x0203","IEEE 802.15.4","53","Data, Dst: 0x0203, Src: 0x0103"
"273","11.126266","","","IEEE 802.15.4","5","Ack"
"274","11.265003","0x0103","0x0203","IEEE 802.15.4","113","Data, Dst: 0x0203, Src: 0x0103"
"275","11.265477","","","IEEE 802.15.4","5","Ack"
"276","11.274288","0x0103","0x0203","IEEE 802.15.4","70","Data, Dst: 0x0203, Src: 0x0103"
"277","11.274736","","","IEEE 802.15.4","5","Ack"
"278","11.318753","0x0103","0x0203","IEEE 802.15.4","34","Data, Dst: 0x0203, Src: 0x0103"
"279","11.319069","","","IEEE 802.15.4","5","Ack"
"280","11.373151","0x0103","0x0203","IEEE 802.15.4","53","Data, Dst: 0x0203, Src: 0x0103"
"281","11.373369","","","IEEE 802.15.4","5","Ack"
"282","11.497844","0x0103","0x0203","IEEE 802.15.4","53","Data, Dst: 0x0203, Src: 0x0103"
"283","11.498339","","","IEEE 802.15.4","5","Ack"
"284","11.625513","0x0103","0x0203","IEEE 802.15.4","53","Data, Dst: 0x0203, Src: 0x0103"
"285","11.625794","","","IEEE 802.15.4","5","Ack"
"286","11.756091","0x0103","0x0203","IEEE 802.15.4","77","Data, Dst: 0x0203, Src: 0x0103"
"287","11.756467","","","IEEE 802.15.4","5","Ack"
"288","11.760085","0x0103","0x0203","IEEE 802.15.4","29","Data, Dst: 0x0203, Src: 0x0103"
"289","11.760632","","","IEEE 802.15.4","5","Ack"
"290","11.823819","0x0203","0x0103","IEEE 802.15.4","34","Data, Dst: 0x0103, Src: 0x0203"
"291","11.824347","","","IEEE 802.15.4","5","Ack"
"292","11.875366","0x0103","0x0203","IEEE 802.15.4","53","Data, Dst: 0x0203, Src: 0x0103"
"293","11.875869","","","IEEE 802.15.4","5","Ack"
"294","12.001138","0x0103","0x0203","IEEE 802.15.4","53","Data, Dst: 0x0203, Src: 0x0103"
"295","12.001673","","","IEEE 802.15.4","5","Ack"
"296","12.125655","0x0103","0x0203","IEEE 802.15.4","53","Data, Dst: 0x0203, Src: 0x0103"
"297","12.126219","","","IEEE 802.15.4","5","Ack"
"298","12.263408","0x0103","0x0203","IEEE 802.15.4","113","Data, Dst: 0x0203, Src: 0x0103"
"299","12.263922","","","IEEE 802.15.4","5","Ack"
"300","12.272457","0x0103","0x0203","IEEE 802.15.4","70","Data, Dst: 0x0203, Src: 0x0103"
"301","12.272991","","","IEEE 802.15.4","5","Ack"
"302","12.318573","0x0103","0x0203","IEEE 802.15.4","34","Data, Dst: 0x0203, Src: 0x0103"
"303","12.319091","","","IEEE 802.15.4","5","Ack"
"304","12.375386","0x0103","0x0203","IEEE 802.15.4","53","Data, Dst: 0x0203, Src: 0x0103"
"305","12.375890","","","IEEE 802.15.4","5","Ack"
"306","12.497537","0x0103","0x0203","IEEE 802.15.4","53","Data, Dst: 0x0203, Src: 0x0103"
"307","12.498051","","","IEEE 802.15.4","5","Ack"
"308","12.625501","0x0103","0x0203","IEEE 802.15.4","53","Data, Dst: 0x0203, Src: 0x0103"
"309","12.626016","","","IEEE 802.15.4","5","Ack"
"310","12.763797","0x0103","0x0203","IPv6","93","Bogus IPv6 version (0, must be 6)"
"311","12.764352","","","IEEE 802.15.4","5","Ack"
"312","12.823518","0x0203","0x0103","IEEE 802.15.4","34","Data, Dst: 0x0103, Src: 0x0203"
"313","12.824028","","","IEEE 802.15.4","5","Ack"
"314","12.872696","1c00:b1:301:2100:1d:1b10::","::68:100:6f:100:1:0","IPv6","53","Unknown IP Protocol: Unassigned (167)"
"315","12.873217","","","IEEE 802.15.4","5","Ack"
"316","13.001020","0x0103","0x0203","IEEE 802.15.4","53","Data, Dst: 0x0203, Src: 0x0103"
"317","13.001544","","","IEEE 802.15.4","5","Ack"
"318","13.125404","0x0000","0x1cfd","ZigBee","53","Unknown Command"
"319","13.125873","","","IEEE 802.15.4","5","Ack"
"320","13.255977","0x0000","0x1ffd","ZigBee","77","Route Request, Dst: 0x0f00, Src: 0x0000"
"321","13.256382","","","IEEE 802.15.4","5","Ack"
"322","13.267629","0x0103","0x0203","IEEE 802.15.4","77","Data, Dst: 0x0203, Src: 0x0103"
"323","13.268188","","","IEEE 802.15.4","5","Ack"
"324","13.272757","0x0103","0x0203","IEEE 802.15.4","42","Data, Dst: 0x0203, Src: 0x0103"
"325","13.273259","","","IEEE 802.15.4","5","Ack"
"326","13.311590","0x0000","0x19fd","ZigBee","50","Unknown Command"
"327","13.312116","","","IEEE 802.15.4","5","Ack"
"328","13.318566","0x0000","0x09fd","ZigBee","34","Route Request, Dst: 0x0000, Src: 0x0000"
"329","13.318997","","","IEEE 802.15.4","5","Ack"
"330","13.341507","0x0103","0x0203","IEEE 802.15.4","48","Data, Dst: 0x0203, Src: 0x0103"
"331","13.342039","","","IEEE 802.15.4","5","Ack"
"332","13.375439","0x0103","0x0203","IEEE 802.15.4","53","Data, Dst: 0x0203, Src: 0x0103"
"333","13.375987","","","IEEE 802.15.4","5","Ack"
"334","13.497659","0x0103","0x0203","IEEE 802.15.4","53","Data, Dst: 0x0203, Src: 0x0103"
"335","13.498136","","","IEEE 802.15.4","5","Ack"
"336","13.622710","0x0103","0x0203","IEEE 802.15.4","53","Data, Dst: 0x0203, Src: 0x0103"
"337","13.623192","","","IEEE 802.15.4","5","Ack"
"338","13.757734","0x0103","0x0203","IEEE 802.15.4","77","Data, Dst: 0x0203, Src: 0x0103"
"339","13.758232","","","IEEE 802.15.4","5","Ack"
"340","13.761833","0x0103","0x0203","IEEE 802.15.4","29","Data, Dst: 0x0203, Src: 0x0103"
"341","13.762374","","","IEEE 802.15.4","5","Ack"
"342","13.821419","0x0203","0x0103","IEEE 802.15.4","34","Data, Dst: 0x0103, Src: 0x0203"
"343","13.821950","","","IEEE 802.15.4","5","Ack"
"344","13.875325","0x0103","0x0203","IEEE 802.15.4","53","Data, Dst: 0x0203, Src: 0x0103"
"345","13.875839","","","IEEE 802.15.4","5","Ack"
"346","14.001091","0x0103","0x0203","IEEE 802.15.4","53","Data, Dst: 0x0203, Src: 0x0103"
"347","14.001596","","","IEEE 802.15.4","5","Ack"
"348","14.125131","0x0103","0x0203","IEEE 802.15.4","53","Data, Dst: 0x0203, Src: 0x0103"
"349","14.125574","","","IEEE 802.15.4","5","Ack"
"350","14.265095","0x0103","0x0203","IEEE 802.15.4","113","Data, Dst: 0x0203, Src: 0x0103"
"351","14.265498","","","IEEE 802.15.4","5","Ack"
"352","14.268839","0x0103","0x0203","IEEE 802.15.4","20","Data, Dst: 0x0203, Src: 0x0103"
"353","14.269327","","","IEEE 802.15.4","5","Ack"
"354","14.274230","0x0103","0x0203","IEEE 802.15.4","63","Data, Dst: 0x0203, Src: 0x0103"
"355","14.274771","","","IEEE 802.15.4","5","Ack"
"356","14.320898","0x0103","0x0203","IEEE 802.15.4","34","Data, Dst: 0x0203, Src: 0x0103"
"357","14.321421","","","IEEE 802.15.4","5","Ack"
"358","14.380990","","","IEEE 802.15.4","5","Ack"
"359","14.502462","0x0103","0x0203","IEEE 802.15.4","53","Data, Dst: 0x0203, Src: 0x0103"
"360","14.502912","","","IEEE 802.15.4","5","Ack"
"361","14.624914","0x0103","0x0203","IEEE 802.15.4","53","Data, Dst: 0x0203, Src: 0x0103"
"362","14.625430","","","IEEE 802.15.4","5","Ack"
"363","14.758856","0x0103","0x0203","IEEE 802.15.4","93","Data, Dst: 0x0203, Src: 0x0103"
"364","14.759357","","","IEEE 802.15.4","5","Ack"
"365","14.822588","0x0203","0x0103","IEEE 802.15.4","34","Data, Dst: 0x0103, Src: 0x0203"
"366","14.823084","","","IEEE 802.15.4","5","Ack"
"367","14.875212","0x0103","0x0203","IEEE 802.15.4","53","Data, Dst: 0x0203, Src: 0x0103"
"368","14.875718","","","IEEE 802.15.4","5","Ack"
"369","15.000992","0x0103","0x0203","IEEE 802.15.4","53","Data, Dst: 0x0203, Src: 0x0103"
"370","15.001489","","","IEEE 802.15.4","5","Ack"
"371","15.125323","0x0103","0x0203","IEEE 802.15.4","53","Data, Dst: 0x0203, Src: 0x0103"
"372","15.125816","","","IEEE 802.15.4","5","Ack"
"373","15.263237","0x0103","0x0203","IEEE 802.15.4","113","Data, Dst: 0x0203, Src: 0x0103"
"374","15.263741","","","IEEE 802.15.4","5","Ack"
"375","15.271929","0x0103","0x0203","IEEE 802.15.4","70","Data, Dst: 0x0203, Src: 0x0103"
"376","15.272467","","","IEEE 802.15.4","5","Ack"
"377","15.318230","0x0103","0x0203","6LoWPAN","34","Data, Dst: 0x0203, Src: 0x0103[Malformed Packet]"
"378","15.318738","","","IEEE 802.15.4","5","Ack"
"379","15.377568","301:2100:e6:2410::","f0:0:f5:0:2::2c","IPv6","53","Unknown IP Protocol: Unassigned (213)"
"380","15.378128","","","IEEE 802.15.4","5","Ack"
"381","15.500815","301:2100:61:2510::","f4:100:f9:100:1::2b","IPv6","53","Unknown IP Protocol: Unassigned (214)"
"382","15.501321","","","IEEE 802.15.4","5","Ack"
"383","15.625326","301:2100:de:2510::","32:0:3b:0:1::2a","IPv6","53","Unknown IP Protocol: Unassigned (215)"
"384","15.625836","","","IEEE 802.15.4","5","Ack"
"385","15.759088","301:1e00:5a:2610:1e:f6a2:3dd4:4f0b","3ba6:51a:bf74:8837:ba62:21f2:39db:5a6f","IPv6","93","IPv6 no next header"
"386","15.759596","","","IEEE 802.15.4","5","Ack"
"387","15.822446","0x0203","0x0103","IEEE 802.15.4","34","Data, Dst: 0x0103, Src: 0x0203"
"388","15.822969","","","IEEE 802.15.4","5","Ack"
"389","15.875261","da03:121:0:d726:1000::","0:5e01:0:5e01:0:100::","IPv6","53","IPv6 no next header"
"390","15.875798","","","IEEE 802.15.4","5","Ack"
"391","15.997404","db03:121:0:5227:1000::","0:9a01:0:a201:0:100::","IPv6","53","IPv6 no next header"
"392","15.997910","","","IEEE 802.15.4","5","Ack"
"393","16.122278","dc03:121:0:cf27:1000::","0:2c01:0:2e01:0:100:0:100","IPv6","53","IPv6 no next header"
"394","16.122806","","","IEEE 802.15.4","5","Ack"
"395","16.261115","","","IEEE 802.15.4","5","Ack"
"396","16.278528","3d00:0:a5:1ab:d6fd:1c00:df:301","1e00:53:2810:d6:e1a2:3d5b:9a14:3b72","IPv6","106","Unknown IP Protocol: Unassigned (219)"
"397","16.279055","","","IEEE 802.15.4","5","Ack"
"398","16.318303","0x0103","0x0203","6LoWPAN","34","Data, Dst: 0x0203, Src: 0x0103[Malformed Packet]"
"399","16.318811","","","IEEE 802.15.4","5","Ack"
"400","16.377286","e203:121:0:cd28:1000::","0:7201:0:7401:0:100:0:100","IPv6","53","IPv6 hop-by-hop options[Malformed Packet]"
"401","16.377796","","","IEEE 802.15.4","5","Ack"
"402","16.500702","e303:121:0:4929:1000::","0:4e02:0:4e02:0:100:0:100","IPv6","53","IPv6 no next header"
"403","16.501211","","","IEEE 802.15.4","5","Ack"
"404","16.601626","0x0103","0x0203","6LoWPAN","48","Data, Dst: 0x0203, Src: 0x0103[Malformed Packet]"
"405","16.602128","","","IEEE 802.15.4","5","Ack"
"406","16.623219","e5:301:2100:c3:2910::","0:22:100:2b:100:1:0:1","IPv6","53","IPv6 no next header"
"407","16.623736","","","IEEE 802.15.4","5","Ack"
"408","16.633562","e6:301:fd00:6:454b:4632:2049:4d55","3120:696e:6974:6961:6c20:7961:7720:616c","IPv6","66","IPv6 no next header"
"409","16.634107","","","IEEE 802.15.4","5","Ack"
"410","16.753709","e7:301:1e00:41:2a10:fe:c7a2:3dd1","e317:3b46:3d1a:bf00:593d:3aca:54ca:3918","IPv6","77","Unknown IP Protocol: IRT (28)"
"411","16.754219","","","IEEE 802.15.4","5","Ack"
"412","16.757880","0x0103","0x0203","6LoWPAN","29","Data, Dst: 0x0203, Src: 0x0103[Malformed Packet]"
"413","16.758409","","","IEEE 802.15.4","5","Ack"
"414","16.822606","0x0203","0x0103","IEEE 802.15.4","34","Data, Dst: 0x0103, Src: 0x0203"
"415","16.823055","","","IEEE 802.15.4","5","Ack"
"416","16.872589","0:e903:121:0:bd2a:1000::","::8601:0:8b01:0:100:0","IPv6","53","Unknown IP Protocol: IRT (28)"
"417","16.873110","","","IEEE 802.15.4","5","Ack"
"418","16.999681","","","IEEE 802.15.4","5","Ack"
"419","17.122874","0:eb03:121:0:b72b:1000::","::7201:0:7a01:0:100:0","IPv6","53","IPv6 no next header"
"420","17.123419","","","IEEE 802.15.4","5","Ack"
"421","17.263181","1f00:ec:301:100:f:fc60:130f:1c60","100f:9c50:1ee:100:ff:ff00::","IPv6","113","IPv6 no next header"
"422","17.263695","","","IEEE 802.15.4","5","Ack"
"423","17.271871","1abf:938a:91ba:bd31:43a:582c:933b:d22b","fd1c:0:ef03:121:0:3f2c:1000:0","IPv6","70","IPv6 no next header"
"424","17.272412","","","IEEE 802.15.4","5","Ack"
"425","17.319074","0x0103","0x0203","6LoWPAN","34","Data, Dst: 0x0203, Src: 0x0103[Malformed Packet]"
"426","17.319599","","","IEEE 802.15.4","5","Ack"
"427","17.375916","0:f103:121:0:b42c:1000::","::8601:0:8801:0:100:0","IPv6","53","Unknown IP Protocol: Unknown (253)"
"428","17.376431","","","IEEE 802.15.4","5","Ack"
"429","17.498583","1c00:f2:301:2100:2f:2d10::","::4e:200:57:200:1:0","IPv6","53","Unknown IP Protocol: Unknown (253)"
"430","17.499098","","","IEEE 802.15.4","5","Ack"
"431","17.537239","0x0103","0x0203","6LoWPAN","38","Data, Dst: 0x0203, Src: 0x0103[Malformed Packet]"
"432","17.537752","","","IEEE 802.15.4","5","Ack"
"433","17.622929","1c00:f4:301:2100:ab:2d10::","::12:200:18:200:1:0","IPv6","53","Unknown IP Protocol: Unknown (253)"
"434","17.623447","","","IEEE 802.15.4","5","Ack"
"435","17.753592","1c00:f5:301:1e00:29:2e10:e0:e7a2","3dc8:f91f:3b74:6f1a:bff7:5283:39b1:ffcf","IPv6","77","IPv6 no next header"
"436","17.754106","","","IEEE 802.15.4","5","Ack"
"437","17.757555","0x0103","0x0203","6LoWPAN","29","Data, Dst: 0x0203, Src: 0x0103[Malformed Packet]"
"438","17.758100","","","IEEE 802.15.4","5","Ack"
"439","17.824657","0x0203","0x0103","IEEE 802.15.4","34","Data, Dst: 0x0103, Src: 0x0203"
"440","17.825125","","","IEEE 802.15.4","5","Ack"
"441","17.873211","fd1c:0:f703:121:0:a52e:1000:0","::3a02:0:3a02:0:100","IPv6","53","IPv6 no next header"
"442","17.873723","","","IEEE 802.15.4","5","Ack"
"443","17.998982","fd1c:0:f803:121:0:232f:1000:0","::9001:0:9101:0:100","IPv6","53","IPv6 no next header"
"444","17.999517","","","IEEE 802.15.4","5","Ack"
"445","18.122951","0x0103","0x0203","IEEE 802.15.4","53","Data, Dst: 0x0203, Src: 0x0103"
"446","18.123484","","","IEEE 802.15.4","5","Ack"
"447","18.255653","0x0103","0x0203","IEEE 802.15.4","77","Data, Dst: 0x0203, Src: 0x0103"
"448","18.256151","","","IEEE 802.15.4","5","Ack"
"449","18.274111","0x0103","0x0203","IEEE 802.15.4","106","Data, Dst: 0x0203, Src: 0x0103"
"450","18.274647","","","IEEE 802.15.4","5","Ack"
"451","18.286808","0x0103","0x0203","IEEE 802.15.4","59","Data, Dst: 0x0203, Src: 0x0103"
"452","18.287349","","","IEEE 802.15.4","5","Ack"
"453","18.321492","0x0000","0x09fd","ZigBee","34","Unknown Command"
"454","18.321861","","","IEEE 802.15.4","5","Ack"
"455","18.373047","0x0000","0x1cfd","ZigBee","53","Route Request, Dst: 0x9900, Src: 0x0000"
"456","18.373569","","","IEEE 802.15.4","5","Ack"
"457","18.498649","0x0103","0x0203","IEEE 802.15.4","53","Data, Dst: 0x0203, Src: 0x0103"
"458","18.499192","","","IEEE 802.15.4","5","Ack"
"459","18.622839","0x0103","0x0203","IEEE 802.15.4","53","Data, Dst: 0x0203, Src: 0x0103"
"460","18.623308","","","IEEE 802.15.4","5","Ack"
"461","18.757473","0x0000","0x1cfd","ZigBee","93","Unknown Command"
"462","18.757984","","","IEEE 802.15.4","5","Ack"
"463","18.823195","0x0203","0x0103","IEEE 802.15.4","34","Data, Dst: 0x0103, Src: 0x0203"
"464","18.823521","","","IEEE 802.15.4","5","Ack"
"465","18.872723","0x0000","0x1cfd","ZigBee","53","Route Request, Dst: 0x8d00, Src: 0x0000"
"466","18.873278","","","IEEE 802.15.4","5","Ack"
"467","18.998868","0x0103","0x0203","IEEE 802.15.4","53","Data, Dst: 0x0203, Src: 0x0103"
"468","18.999381","","","IEEE 802.15.4","5","Ack"
"469","19.122849","0x0103","0x0203","IEEE 802.15.4","53","Data, Dst: 0x0203, Src: 0x0103"
"470","19.123345","","","IEEE 802.15.4","5","Ack"
"471","19.260405","0x0103","0x0203","IEEE 802.15.4","113","Data, Dst: 0x0203, Src: 0x0103"
"472","19.260917","","","IEEE 802.15.4","5","Ack"
"473","19.265459","","","IEEE 802.15.4","5","Ack"
"474","19.269429","0x0103","0x0203","IEEE 802.15.4","42","Data, Dst: 0x0203, Src: 0x0103"
"475","19.269990","","","IEEE 802.15.4","5","Ack"
"476","19.318851","0x0103","0x0203","IEEE 802.15.4","34","Data, Dst: 0x0203, Src: 0x0103"
"477","19.319363","","","IEEE 802.15.4","5","Ack"
"478","19.378034","0x0103","0x0203","IEEE 802.15.4","53","Data, Dst: 0x0203, Src: 0x0103"
"479","19.378726","","","IEEE 802.15.4","5","Ack"
"480","19.498552","0x0103","0x0203","IEEE 802.15.4","53","Data, Dst: 0x0203, Src: 0x0103"
"481","19.499050","","","IEEE 802.15.4","5","Ack"
"482","19.622722","0x0103","0x0203","IEEE 802.15.4","53","Data, Dst: 0x0203, Src: 0x0103"
"483","19.623229","","","IEEE 802.15.4","5","Ack"
"484","19.755539","0x0103","0x0203","IEEE 802.15.4","77","Data, Dst: 0x0203, Src: 0x0103"
"485","19.756044","","","IEEE 802.15.4","5","Ack"
"486","19.759504","0x0103","0x0203","IEEE 802.15.4","29","Data, Dst: 0x0203, Src: 0x0103"
"487","19.760043","","","IEEE 802.15.4","5","Ack"
"488","19.823043","0x0203","0x0103","IEEE 802.15.4","34","Data, Dst: 0x0103, Src: 0x0203"
"489","19.823394","","","IEEE 802.15.4","5","Ack"
"490","19.872604","0x0103","0x0203","IEEE 802.15.4","53","Data, Dst: 0x0203, Src: 0x0103"
"491","19.873119","","","IEEE 802.15.4","5","Ack"
"492","19.998574","0x0103","0x0203","IEEE 802.15.4","53","Data, Dst: 0x0203, Src: 0x0103"
"493","19.999078","","","IEEE 802.15.4","5","Ack"
"494","20.125396","0x0103","0x0203","IEEE 802.15.4","53","Data, Dst: 0x0203, Src: 0x0103"
"495","20.125774","","","IEEE 802.15.4","5","Ack"
"496","20.255572","0x0103","0x0203","IEEE 802.15.4","77","Data, Dst: 0x0203, Src: 0x0103"
"497","20.256080","","","IEEE 802.15.4","5","Ack"
"498","20.273712","0x0103","0x0203","IEEE 802.15.4","106","Data, Dst: 0x0203, Src: 0x0103"
"499","20.274232","","","IEEE 802.15.4","5","Ack"
"500","20.321273","0x0103","0x0203","IEEE 802.15.4","34","Data, Dst: 0x0203, Src: 0x0103"
"501","20.321783","","","IEEE 802.15.4","5","Ack"
"502","20.372634","0x0103","0x0203","IEEE 802.15.4","53","Data, Dst: 0x0203, Src: 0x0103"
"503","20.373154","","","IEEE 802.15.4","5","Ack"
"504","20.498783","0x0103","0x0203","IEEE 802.15.4","53","Data, Dst: 0x0203, Src: 0x0103"
"505","20.499291","","","IEEE 802.15.4","5","Ack"
"506","20.622664","0x0103","0x0203","IEEE 802.15.4","53","Data, Dst: 0x0203, Src: 0x0103"
"507","20.751261","","","IEEE 802.15.4","17","Data, Bad FCS"
"508","20.753935","","","IEEE 802.15.4","5","Ack"
"509","20.757387","0x0103","0x0203","IEEE 802.15.4","29","Data, Dst: 0x0203, Src: 0x0103"
"510","20.757938","","","IEEE 802.15.4","5","Ack"
"511","20.822268","0x0203","0x0103","IEEE 802.15.4","34","Data, Dst: 0x0103, Src: 0x0203"
"512","20.822732","","","IEEE 802.15.4","5","Ack"
"513","20.872480","0x0103","0x0203","IEEE 802.15.4","53","Data, Dst: 0x0203, Src: 0x0103"
"514","20.873007","","","IEEE 802.15.4","5","Ack"
"515","20.998457","0x0103","0x0203","IEEE 802.15.4","53","Data, Dst: 0x0203, Src: 0x0103"
"516","20.998958","","","IEEE 802.15.4","5","Ack"
"517","21.122775","0x0103","0x0203","IEEE 802.15.4","53","Data, Dst: 0x0203, Src: 0x0103"
"518","21.123294","","","IEEE 802.15.4","5","Ack"
"519","21.253640","0x0103","0x0203","IEEE 802.15.4","77","Data, Dst: 0x0203, Src: 0x0103"
"520","21.254152","","","IEEE 802.15.4","5","Ack"
"521","21.272706","0x0103","0x0203","IEEE 802.15.4","106","Data, Dst: 0x0203, Src: 0x0103"
"522","21.273208","","","IEEE 802.15.4","5","Ack"
"523","21.318608","0x0103","0x0203","IEEE 802.15.4","34","Data, Dst: 0x0203, Src: 0x0103"
"524","21.319128","","","IEEE 802.15.4","5","Ack"
"525","21.372884","0x0103","0x0203","IEEE 802.15.4","53","Data, Dst: 0x0203, Src: 0x0103"
"526","21.373414","","","IEEE 802.15.4","5","Ack"
"527","21.498489","0x0103","0x0203","IEEE 802.15.4","53","Data, Dst: 0x0203, Src: 0x0103"
"528","21.498995","","","IEEE 802.15.4","5","Ack"
"529","21.622669","0x0103","0x0203","IEEE 802.15.4","53","Data, Dst: 0x0203, Src: 0x0103"
"530","21.623141","","","IEEE 802.15.4","5","Ack"
"531","21.753126","0x0103","0x0203","IEEE 802.15.4","77","Data, Dst: 0x0203, Src: 0x0103"
"532","21.753638","","","IEEE 802.15.4","5","Ack"
"533","21.757090","0x0103","0x0203","IEEE 802.15.4","29","Data, Dst: 0x0203, Src: 0x0103"
"534","21.757647","","","IEEE 802.15.4","5","Ack"
"535","21.823048","0x0203","0x0103","IEEE 802.15.4","34","Data, Dst: 0x0103, Src: 0x0203"
"536","21.823535","","","IEEE 802.15.4","5","Ack"
"537","21.872389","0x0103","0x0203","IEEE 802.15.4","53","Data, Dst: 0x0203, Src: 0x0103"
"538","21.872945","","","IEEE 802.15.4","5","Ack"
"539","21.998342","0x0103","0x0203","IEEE 802.15.4","53","Data, Dst: 0x0203, Src: 0x0103"
"540","21.998852","","","IEEE 802.15.4","5","Ack"
"541","22.122505","0x0103","0x0203","IEEE 802.15.4","53","Data, Dst: 0x0203, Src: 0x0103"
"542","22.123005","","","IEEE 802.15.4","5","Ack"
"543","22.262419","0x0103","0x0203","IEEE 802.15.4","113","Data, Dst: 0x0203, Src: 0x0103"
"544","22.262939","","","IEEE 802.15.4","5","Ack"
"545","22.271096","0x0103","0x0203","IEEE 802.15.4","70","Data, Dst: 0x0203, Src: 0x0103"
"546","22.271638","","","IEEE 802.15.4","5","Ack"
"547","22.321048","0x0103","0x0203","IEEE 802.15.4","34","Data, Dst: 0x0203, Src: 0x0103"
"548","22.321555","","","IEEE 802.15.4","5","Ack"
"549","22.372777","0x0103","0x0203","IEEE 802.15.4","53","Data, Dst: 0x0203, Src: 0x0103"
"550","22.373285","","","IEEE 802.15.4","5","Ack"
"551","22.498374","0x0103","0x0203","IEEE 802.15.4","53","Data, Dst: 0x0203, Src: 0x0103"
"552","22.498933","","","IEEE 802.15.4","5","Ack"
"553","22.622630","0x0103","0x0203","IEEE 802.15.4","53","Data, Dst: 0x0203, Src: 0x0103"
"554","22.623083","","","IEEE 802.15.4","5","Ack"
"555","22.756297","0x0103","0x0203","IEEE 802.15.4","93","Data, Dst: 0x0203, Src: 0x0103"
"556","22.756798","","","IEEE 802.15.4","5","Ack"
"557","22.823456","0x0203","0x0103","IEEE 802.15.4","34","Data, Dst: 0x0103, Src: 0x0203"
"558","22.823956","","","IEEE 802.15.4","5","Ack"
"559","22.872453","0x0103","0x0203","IEEE 802.15.4","53","Data, Dst: 0x0203, Src: 0x0103"
"560","22.872967","","","IEEE 802.15.4","5","Ack"
"561","22.998044","0x0103","0x0203","IEEE 802.15.4","53","Data, Dst: 0x0203, Src: 0x0103"
"562","22.998549","","","IEEE 802.15.4","5","Ack"
